{
  "project_info": {
    "project_number": "222743580699",
    "project_id": "digi-yoga",
    "storage_bucket": "digi-yoga.appspot.com"
  },
  "client": [
    {
      "client_info": {
        "mobilesdk_app_id": "1:222743580699:android:362210c657d1a83e0068be",
        "android_client_info": {
          "package_name": "com.abhays_product.digiyoga"
        }
      },
      "oauth_client": [
        {
          "client_id": "222743580699-pfj5uo6pm6m3b96uj8d9vupdoaha085n.apps.googleusercontent.com",
          "client_type": 3
        }
      ],
      "api_key": [
        {
          "current_key": "AIzaSyAukaKfr9xOaxWUo0Vy3JdTIme22yiPDfE"
        }
      ],
      "services": {
        "appinvite_service": {
          "other_platform_oauth_client": [
            {
              "client_id": "222743580699-pfj5uo6pm6m3b96uj8d9vupdoaha085n.apps.googleusercontent.com",
              "client_type": 3
            }
          ]
        }
      }
    }
  ],
  "configuration_version": "1"
}